# Frozen 2026-09-24 before corpus tuning. Tatoeba (https://tatoeba.org) sentences, CC BY 2.0 FR; attribution by sentence id: https://tatoeba.org/sentences/show/<id>
# Selection: 4-16 words, no digits, deduplicated, lowest 1000 of sha256("ordly-unseen-2026-09-24:<id>").
474936	Jeg kan tale esperanto som en indfødt.
475221	Jeg bor i Akasaka i Tokyo.
476040	Det gør ingen forskel om han kommer eller ej.
476897	Hun er meget bange for slanger.
529152	John og Ann holder af hinanden.
529932	Hun dumpede til eksamen og det skuffede mig meget.
539181	Hun har få venner.
562249	At sælge biler er mit arbejde.
574037	I en ordbog som denne burde der i det mindste være to sætninger med "køleskab".
574112	Sent om aftenen fandt vi endelig vej til foden af bjerget.
574582	Jeg ville fange fuglen, men det viste sig at være svært.
578088	Jeg har nogle bøger.
586190	Han købte en hund til hende.
606695	Han giftede sig med en canadisk kvinde.
607026	Jeg ved det selv.
611169	Jeg ønskede at møde en virkelig moden kvinde.
613986	Tæl fra en til ti.
614122	Hun foretrækker hårdkogte æg.
615756	Det er umuligt for ham at blive færdig med det på en time.
615793	Hun kan lide at spille tennis.
616003	Jeg vil give dig svar i løbet af et par dage.
618837	Denne guitar er så dyr at jeg ikke kan købe den.
621643	Der er to miles til banegården.
622039	Våben dræber ikke mennesker. Mennesker dræber mennesker.
622192	En baby er ikke i stand til at klare sig selv.
623367	Enhver væg i hans lejlighed er dækket af bøger fra gulv til loft.
626470	Jeg har en masse blomster.
626842	Det hus er berømt.
630848	Hvad koster de briller?
658610	Tidligere skrev man med fuglefjer.
660022	Elefanten er afholdt af de små børn.
660145	Jeg accepterer betingelserne, hvis du nedsætter prisen.
660189	Det er ved at blive skyet.
661633	Er det din fyldepen?
663351	Vores tog kørte igennem en lang tunnel.
663376	Jeg tager sædvanligvis brusebad om aftenen.
666795	Mary studerer nu på sit værelse.
673069	Jeg ved hvor han bor.
673710	Nogen kom forbi mens jeg var ude.
675076	Den høne lægger praktisk talt æg hver dag.
688893	Hvorledes kan jeg løse det problem?
689339	Jeg har ondt i min fod.
689351	Det er læseren, som bestemmer om han nyder at læse.
689978	Der plejede at være en kirke her.
692661	Mennesket er det eneste dyr, der bruger ilden.
695117	Mange elever har købt bogen.
695150	Jeg har en ven, hvis far er en kendt pianist.
695588	Kan du låne mig din cykel en times tid?
697173	Hvor mange gange tager du bad om ugen?
697175	Han blev valgt til præsident.
697191	Hvordan kan du være så passiv? Hvorfor tager du ikke hævn?
697296	Hurtigt lært, hurtigt glemt.
707909	"Hvem er det?" "Det er din mor."
713298	Jeg er overrasket over at du er så naiv.
713375	Han foregiver at vide alt.
744278	Mikrobølger gennemtrænger fødevarerne i ovnen.
749309	Hvorfor går du ikke til fods til boghandleren?
750139	Jeg har set den film for lang tid siden.
752092	Med pengene kunne han købe en ny bil.
755516	Gæt tre gange hvor jeg var i går!
755527	Min hobby er at samle på frimærker.
760029	Vi må følge spillets regler.
765329	Rie og jeg har gået i den samme skole.
771046	Gidslerne bliver sluppet fri før jul.
771057	Han er dig underlegen på alle måder.
771066	Du må prøve butikken på den anden side af vejen.
771113	Sammenlignet med kineserne er japanerne dårlige lingvister.
790404	Der var et jordskælv i går.
793419	Jeg har været her i to timer allerede.
945365	Han skrev et kærlighedsbrev til mig.
1091527	"Mere kaffe?" "Nej tak."
1113853	Jeg kan bedre lide Los Angeles.
1122061	At græde er for hende nemmere end det er for en sky at regne.
1130924	Jeg har en hund og to katte.
1130947	Man har brug for mad, tøj og et hjem for at kunne leve.
1143407	Rødt er ikke mere på mode.
1151376	Jeg kan ikke hjælpe jer.
1157622	Tom forblev single hele sit liv.
1157858	Gode kunstnere kopierer, store kunstnere stjæler.
1182706	Jackson kunne ikke stole på dem.
1191113	Hvorfor kan vi ikke kilde hinanden?
1239190	Han jokede med det.
1239220	Jeg har ødelagt mine briller.
1282127	Jeg har en hund og en kat.
1296258	En ven i dag er i morgen en fjende.
1296282	Det er ikke risikofrit at svømme i den flod.
1305211	Skal vi lave en sneboldkamp?
1333407	Hvad? Jeg kan ikke høre hvad du siger.
1447775	Du er blevet fed.
1461218	I dag har jeg ingen energi.
1551770	En kvinde kom frem bag træet.
1581890	Store personer er ikke altid stærke.
1598164	Politikken vil nødvendigvis drive økonomien i yderligere recession.
1714173	Med hvilken tog vil du køre?
1714754	Har du lyst til at gå?
1715126	Ja, han er en spøgefugl! Derom er der ingen tvivl.
1728902	En af grundene til skovdød er syreregn.
1745031	Jeg takker dig, min broder.
1749381	Han arbejder som en gal.
1764380	Vi har drukket kaffe med mælk.
1786687	Vil du låne mig din cykel?
1793166	Jeg gik ind i det nye kontor.
1793855	Hvor gjorde han det?
1797793	Sandheden er, at jeg elsker dig.
1798129	Jeg vil holde op med at skrive.
1799912	Han har for vane at spytte på jorden.
1800802	Jeg fangede alle disse sommerfugle.
1801173	Jeg havde abonnement på to aviser.
1801225	Du burde gå til lægen.
1801275	Det er et godt køb!
1802890	Man kan lave alt med mayonnaise bortset fra at sidde på den.
1805621	På dette felt er han en respekteret autoritet.
1807315	Jeg kan lide din lastbil.
1815438	Jeg skylder hende hundrede yen.
1837180	Han har brug for noget at drikke.
1843597	Der er mange lange ord i det tyske sprog.
1843641	Hun lå med lukkede øjne på en sofa.
1844816	Hvad jeg ønsker mig, er et tekstbehandlingsprogram.
1846176	Disse sko er lidt for store.
1848330	Tyskerne har også humor.
1854619	Hun gik i en pigeskole.
1855317	Vi har lært engelsk i tre år indtil nu.
1863763	Er det dit køretøj?
1865926	Det er en vidunderlig verden.
1876453	Tom hørte en kat mjave i træet.
1889878	"Hvornår vil Tom være her?" "Jeg ville virkelig ønske jeg vidste det."
1902575	Dette er en advarsel som vi må tage alvorlig.
1904531	Han kører stadigvæk rundt i sin gamle spand.
1904540	Put ikke dine fingre i kødhakkeren!
1906533	En bombe går af.
1907773	Hun lagde nogle penge til side til en regnvejrsdag.
1914067	Hvor meget skylder jeg dig?
1914158	Jeg holder af kvinderne, holder af vinen.
1914525	Alt sker af en grund.
1914705	I dag føler jeg mig højere end bjergene. I dag ønsker jeg at røre ved himlen.
1914903	Hun forelskede sig i en vampyr.
1925817	De køber grønsager i supermarkedet.
1934416	I sin ungdom var min mor meget smuk.
1934591	Løverne er i buret.
1939790	Du skal respektere mennesker der er ældre end dig.
1940443	Ikke alle dyr er stærke.
1945051	Det er en lang historie.
1945141	Jeg er ikke canadier.
1945167	Løsningen på problemet var nær.
1945952	Han er en beskidt løgner.
1946131	Ret mig venligst når jeg laver en fejl.
1946211	Jeg troede at Tom ikke ville komme.
1946555	Må jeg spise dette?
1946927	Jeg kan ikke huske hvor jeg har købt den.
1950087	En mand ved navn Slim blev dræbt i ulykken.
1952141	Jeg kan ikke skjule mig for evigt.
1952142	Du kan ikke såre mine følelser.
1979651	Den ene taler engelsk, den anden japansk.
1979739	Tom faldt i søvn i toget.
1979783	Han druknede i elven.
1980482	Der er brakvand i lagunen.
1981167	Jeg vil gerne svømme i denne flod.
1981185	Denne regel gælder også for dig.
1981194	Du behøver bare at stå stille dig foran døren. Den åbner automatisk.
1981242	De store sorte katte er altid i den grønne skov.
1985922	Min engelsklærer anbefalede mig at læse disse bøger.
2001889	Hun faldt ned af stigen.
2022409	Tom er for ung.
2027465	Tom vil have os til at montere tv'et på væggen.
2041689	I Tyskland betragtes et tog som forsinket hvis forsinkelsen er seks minutter eller mere.
2131675	Vær forberedt på det værste.
2144417	Vi ses ved huset!
2187130	Inden for tre årtier oplevede det vietnamesiske folk tre afskyelige krige.
2197736	Det er hvad hun sagde.
2219022	Hun kunne ikke stikke af fra mig.
2219279	Tror du rent faktisk at jeg kan hjælpe dig?
2251813	Vil du have te eller kaffe?
2252940	Tom, Mary og John legede tagfat i skolegården.
2253569	Vil I have te eller kaffe?
2255529	Professor White udgav sin første bog sidste år.
2260690	Bærer din kone det muslimske tørklæde?
2260950	Jeg tror at folk har en tendens til at fokusere på de forkerte ting.
2266623	Jeg kan godt lide at synge højt og falsk.
2293619	Jeg har fået nok!
2295050	Her til morgen stod jeg senere op end sædvanligt.
2297373	Maria har tid nok.
2301427	Jeg kan bevise det.
2306365	Jeg behøvede ikke at vide noget som helst andet.
2328426	Gårsdagens drømme bliver en gang imellem til morgendagens mareridt.
2328530	Se ikke ned på de fattige.
2328655	Må jeg gå ud og lege?
2329518	Jeg fandt noget som jeg troede jeg havde mistet.
2330317	Hvorfor går du til fods, når du har en bil?
2330322	Hvorfor går du til fods, når du har bil?
2336041	Jeg fik for meget at drikke i går aftes.
2337327	Jeg ville bare sige at jeg elsker dig.
2339810	Tom var tolv år da Berlinmuren faldt.
2340452	Jeg har taget på.
2342481	Jeg havde ikke held med at finde hans hus.
2344140	Ved du hvorfor himlen er blå?
2354313	Jeg lukkede ikke døren.
2356761	Jeg mødte min lærer på vej til stationen.
2401113	Han er ikke kommet.
2416299	Hun er den kedeligste pige jeg nogensinde har kendt.
2433504	Jeg fyrer ikke deres koner.
2442457	Han tog sin hat på.
2469738	Dette toiletpapir er ligesom sandpapir.
2471408	Han lød en smule skuffet.
2477098	Stolen er langt fra døren.
2480866	Din opførsel er utilgivelig.
2482928	Har du været væk?
2483067	Jeg ville ønske jeg kunne tale fransk.
2483192	Jeg tror ikke Tom kan fransk.
2483292	Tom taler fransk lige så godt som jeg gør.
2487002	Er der en offentlig strand her i nærheden?
2488704	Ægte kærlighed er sjælden, men det er det eneste, der giver livet indhold.
2491046	Hunden kunne ikke gø.
2502935	Det er min bedste ven og min egen kone som bedrager mig!
2505173	Krig bringer ikke fred, tværtimod bringer den smerte og sorg på begge sider.
2508608	Kampen blev stoppet på grund af tordenvejr.
2513972	Jeg dansede med kvinde nummer hundred.
2514138	Det er ikke blod. Det er tomatsauce.
2514258	Børn er alle fremmede.
2514305	Dit spørgsmål er ulogisk.
2515005	Der har været en koleraepidemi i Haiti.
2524191	Vil du gøre mig en tjeneste?
2585692	Tranen, i modsætning til hunden, har aldrig drømt om at flyve.
2593452	Hun viste mig et brev skrevet på engelsk.
2593822	Havets farve varierer fra dybblå til mørkegrøn.
2630552	Jeg går desværre med to krykker for tiden.
2635741	Denne artikel er uden værdi.
2636860	Niels Bohr arbejdede på Manhattanprojektet under anden verdenskrig.
2651645	Hvor ofte skal jeg sige det til dig?
2652970	Drengene begyndte at slås.
2656817	Hvilken sammenhæng er der mellem politik og krig?
2665041	DNA bliver ekstraheret fra en blodprøve.
2665171	Jeg tog til hospitalet.
2678192	Har I nogensinde været gift?
2684315	Politi og soldater har stormet en moske i Cairo.
2685394	Hvad skulle jeg gøre uden jer?
2688497	Jeg sagde: "Tag det!"
2688535	Jeg har spillet fodbold i går.
2690748	Kniven er meget skarp.
2695653	I eftermiddag vil jeg lære engelsk.
2700599	Hun barberede sit overskæg.
2709798	Jeg har et billede af min kæreste på min natbord.
2729955	Hun er med sikkerhed over fyrre.
2739301	Hvad spiser man i Egypten?
2739522	Jeg er på udkig efter et nyt hus.
2887875	Svar mig i det mindste.
2900684	Jeg synes, at din mor har opdraget dig på en meget konservativ måde.
2900735	Jeg er træt, men jeg kan ikke falde i søvn.
2946023	Der er ingen tvivl om, at universet er uendeligt.
3103240	Jeg får gåsehud når jeg ser en skrækfilm.
3104712	Jeg holder meget af katte.
3132350	Alle i landsbyen kender ham.
3167590	Han er allergisk over for støv.
3187439	Jeg betalte hende de penge tilbage som jeg skyldte hende.
3196229	Jeg har læst mange af hans romaner i oversættelse.
3207565	Jeg har sovet for længe fordi jeg gik sent i seng.
3208811	Jeg tror han hedder Tom.
3215770	Han har en joker.
3215920	Mette er Jørgens hustru.
3217708	Jeg er dårlig til at svømme.
3231506	Jeg kunne kysse dig.
3234690	Jeg besluttede at købe en ny paraply.
3239343	Jeg har mistet en sko i branden.
3242054	De finder dig ikke.
3242075	De finder den ikke.
3242483	Hun er enogtredive år.
3266656	Der var ingen i værelset.
3303891	Prisen er for høj.
3315567	Han er ved at vaske sin bil.
3315569	Han er i gang med at vaske sin bil.
3318275	En billet koster fem hundrede yen.
3320287	Har du hørt fra hende?
3326432	Jeg er lige stået op.
3332456	Børn har generelt en højere kropstemperatur end voksne.
3354766	Han kløede sin arm med neglen.
3369882	Har I dræbt ham?
3387860	Vinteren vil blive streng.
3388786	Hun vidste at hendes reaktion havde været dum.
3392062	Brændt barn skyer ilden.
3395186	Jeg stod sent op i morges.
3398651	Var der en anden i rummet?
3404486	Kunne du tænke dig at tage hen til akvariet sammen med mig?
3451546	Jeg er besat af at lære hebraisk.
3475698	Tom var overbevist, men det var jeg ikke.
3479268	Tom må have fortalt os sandheden.
3480838	Tom hader Mary lige så meget som hun hader ham.
3485872	Vi kan lide hende.
3498609	Han har tabt sine briller.
3504455	Jeg har ikke tid til at gentage det, så hør godt efter!
3508047	Tom stillede for mange spørgsmål.
3509479	Jeg ejer to katte.
3513517	Hvorfor fortalte I mig det ikke?
3516894	Ikke alle der bor her, er rige.
3520222	Jeg har givet dig et liv.
3523717	Hvorfor fyrede de Tom?
3524553	Pludselig begyndte det at regne.
3526066	Tom kaldte Mary en forræder.
3529655	Hr. Wilder har givet mig din e-mailadresse.
3536793	De fleste huse blev totalt ødelagt.
3545182	Hvem fanden tror du, dú er, kammerat?
3550461	Du har hverken skrevet eller ringet.
3556464	Udenfor stod der ikke færre end fem kvinder der påstod at være hans kone.
3563893	Jeg skyndte mig for at nå det første tog.
3564279	Havde jeg vidst at du ville være her, så ville jeg ikke være kommet.
3568231	Han bor inde i et æble.
3568386	Denne kasse er fyldt med æbler.
3568521	Æblet blev spist af mig.
3568577	Pudser jeg de giftige æbler?
3568764	Der er nogle gode æbler i kurven.
3572931	Jeg har lavet en æblekage til dessert.
3578993	I er mine venner.
3584876	Tom var iført en vintage T-shirt.
3599101	Her er hendes bog.
3599512	Jeg så naboens hund løbe rundt i haven.
3614583	Jeg viste Tom vejen.
3614603	Efteraber også du denne stjerne?
3615853	Den galopperende inflation har nu varet i tre år. Menneskerne er frustrerede og vrede.
3621968	Mødet var i sidste måned.
3633222	En digter betragter verden som en mand betragter en kvinde.
3641205	Vær venlig at sende bud efter hjælp.
3654054	I skal spise mere.
3670656	Sikken et overfladisk svar.
3672157	Hvis jeg var en fugl, ville jeg flyve hen til dig.
3672458	Tom spurgte Mary om vej.
3674074	Hvorfor er Tom ikke her?
3678796	Du vil få en hård tid.
3680722	Vi beskyttede os selv imod fare.
3682652	Jim har brede skuldre.
3686086	Min far er ved at barbere sig i badeværelset.
3693561	Den sorte hund løb.
3712585	Vi ses til jul.
3712612	Hvad er et julemarked?
3779238	Hvad er din adgangskode?
3800727	Ingen vil ansætte jer.
3800749	Jeg tror jeg har set dem et eller andet sted.
3805894	Vi var i gang med at læse.
3806512	Jeg er ikke interesseret i politik.
3880496	Fotografiet er på USB-stikket.
3882453	Hold op med at knække fingrene!
3887904	Hvor gammel er hendes søster?
3953252	Tom blev frustreret da hans forslag faldt for døve øren.
3982504	Ikke altid går det som smurt.
4070697	Jeg tager et medikament mod højt blodtryk.
4086908	Kan du oversætte denne sang for mig?
4100585	Jeg spurgte ikke om hjælp.
4104889	Min familie besøger hvert år Italien.
4134267	Hvad forventer du at finde i Toms kælder?
4136436	Deres habitat er truet af skovrydning.
4145252	De fleste computere, der laves i dag, er udstyret med flerkernede processorer.
4155626	Hvorfor har elefanter ikke behov for ørevarmere?
4168816	Tom spillede basketball med en gruppe venner.
4178261	Java og JavaScript er lige så forskellige som Indien og Indonesien.
4184714	Dette vand er udrikkeligt.
4191243	Min bærbare computer kører Linux.
4191732	Tom har tre katte.
4203406	Jeg har skrevet denne sang kun for dig.
4207117	Tom brugte et brækjern til at bryde døren op.
4216136	Det gik ikke i orden.
4255209	Mit hustag er rødt.
4296601	Hvad tid afgår toget?
4303371	Jeg ønsker virkelig ikke at gå glip af det.
4303752	Det ser ud til regn i dag.
4348365	Jeg er ved at løbe tør for skabsplads.
4356986	Tom har aldrig tilstået.
4370464	Jeg vil være til stede på mandag otte dage.
4371054	Hvor tit sker det?
4373864	Med lidt knofedt vil vi få det her op at køre igen på ingen tid.
4388895	Tom sidder på det forreste passagersæde.
4398378	Flersprogede er meget mere sexede.
4442342	Jeg kan lide kinesisk mad.
4455683	Vores stige er i stykker.
4461481	Han tog til London for at lære engelsk.
4461494	Der er en ål i vandet.
4461758	Mit bord er gammelt.
4463419	Jeg har udlånt min bil.
4483318	Hvem vil købe en motorcykel med hvinende bremser?
4504190	Jeg vil gerne vide hvem du har i sinde at danse med.
4512201	Hvor mange tallerkenfulde suppe har du spist?
4538050	Mange mennesker tror at vort lands politikere er korrupte.
4558165	Tag paraplyen med; der varsles regn.
4561483	Hvad er der dog sket her? Hele lejligheden er våd.
4562693	I hans fantasi er Mars som Australien.
4585487	Tom går sommetider med solbriller indendørs.
4595606	Huset står oppe på bakken.
4611394	Lad os spille fodbold.
4645454	Jeg formoder, at den dreng, som ligner dig så meget, er din bror.
4704866	Han løj overfor tribunalet.
4708717	Hvor meget skylder jeg dem?
4716887	Dette glas kan indeholde to liter varmt vand.
4748900	Prøv det i det mindste.
4748945	Det er så mørkt om vinteren i Skandinavien.
4772534	Vi har ikke hjulpet de fattige.
4807719	Han ansatte nogle nye arbejdere.
4815121	Oldenborrerne er altid kun undervejs i kort tid.
4836873	Kan du lide at spille golf?
4836877	Hvad kan børn lide at lave?
4842251	Kryddernellike er et krydderi.
4850453	Jeg har malket koen.
4850464	Maria har malket koen.
4858986	Hvad er Toms efternavn?
4859044	Toms efternavn er Jackson.
4859047	Tom hedder Jackson til efternavn.
4859048	Dit navn er ikke Tom, er det vel?
4878168	Vi reklamerer for vores produkter på tv.
4887349	Jeg er led og ked af det hele.
4890382	Tom klatrede op ad stigen og plukkede et æble fra træet.
4895783	Der er blod på dine hænder.
4912812	Vi skal handle hurtigt.
4915417	Lagnerne var gennemblødte af sved.
4924268	Kattene vil komme til at se fuglene.
4927506	Du burde have smagt suppen til.
4939209	Vær venlig ikke at røre mig.
4944364	Kan du høre katten? Hun vil ind.
4944591	Hunden jager katten, og katten jager musen.
4949380	Du arbejder for meget.
4955444	"Hvor spiste du frokost?" – "På en restaurant."
4974132	En lastbil bruger normalt mere benzin end en personbil.
5005644	Det du ser med øjnene er nødvendigvis ikke sande.
5005740	Jeg vil have dem bag tremmer.
5025445	Har du nogensinde været i Washington, USA's hovedstad?
5058129	Den der siger sandheden, har brug for en hurtig hest.
5108152	Stå på række ved døren.
5116221	Jeg tager dig på ordet.
5186838	Jeg håber virkelig, du har ret.
5233185	Jeg vil gerne vide hvor Tom gik hen.
5246059	De begyndte godt men sluttede skurkagtigt.
5278776	Jeg var iført mine bedste klæder.
5279566	Dan og Linda har besluttet at gifte sig mod forældrenes vilje.
5319207	Tom er en skrap chef. Ham skal man helst undgå at lægge sig ud med.
5321709	Har nogen her set den film?
5322395	Pigerne spiser deres sandwicher.
5339969	Tro det eller ej: Hun kan ikke engang koge et æg.
5340710	Tom har ansøgt om visum.
5363752	I Amerika er der højrekørsel.
5365141	Hendes kusine bor i USA.
5380612	Er der smukke kvinder her?
5400802	Du spiser mine velsmagende kirsebær.
5400841	Naturlige teakskove forekommer kun i fire lande: Indien, Laos, Burma og Thailand.
5418559	Det er dårlig karma.
5418772	Jeg kan ikke takke dig nok.
5426024	Ann kommer ikke til vores fest.
5426124	Lærerinden forklarer eleven en kompliceret regel.
5439676	Den afrikanske elefant har større ører end den asiatiske.
5465720	Tom hader at få våde fødder.
5517287	Katten var ikke imponeret.
5518891	Din trøje vender vrangen ud.
5588729	Siger du at du ikke kan svømme?
5624117	Det er spildte penge.
5653722	Det havde jeg sandelig ikke troet!
5653753	Jeg har fem tidligere domme på bagen.
5690314	Den sorte hund dér ser en hvid kat.
5700077	Tom er faldet i søvn.
5711039	Tom blev angrebet af en ulv.
5838340	Det er så sandelig tid for at "tørlægge sumpen" i Washington DC!
5962620	Han tog det let.
5966872	Toms forældre er lærere.
5971114	Jeg har boet her hele mit liv.
5975018	Jeg ville købe den kaffekande, men jeg havde ikke råd til den.
5992078	Det er endnu ikke bevist, om de er skyldige.
6020471	Tom er en levende legende.
6105506	Årh shit! Holdbarhedsdatoen er overskredet. Det er derfor du kastede op!
6105674	Jeg ønsker ikke at han skal se mig sådan her.
6121377	Prøv denne her. Den burde passe dig.
6130051	Picasso er en eminent maler.
6139709	Tom er en sand kriger.
6141193	Jeg boede i Boston.
6152431	Jeg var hjemløs i tre måneder.
6158270	Hun var den sidste kunde.
6159722	Spillet blev aflyst på grund af regn.
6165559	Der står “Magi og Hekseri” på bogomslaget.
6175432	Jeg lyttede til fransk musik.
6199608	Sami satte ild til sit hus.
6311194	Dette bord er reserveret.
6315577	"Hvor har du været?" "Jeg har spillet fodbold."
6365475	Sami skød Layla på nært hold.
6388962	Han læste brevet mange gange.
6400795	Siden i går er Tom formand for en kaninavlerforening.
6563613	Vi så slet ingen børn.
6607184	Ifølge Tom er dansk verdens smukkeste sprog.
6696727	Disse fotoer er blevet photoshoppet.
6738191	Du lyder ikke overbevist.
6806943	Tom vil ikke lytte.
6832389	Jeg gemte ikke filen.
6837029	Cirka hvor mange penge har du?
6855012	Pigen var gravid før præsten kunne sige "amen".
6859745	Tom stjal nogle af mine ting.
6860644	Tom har en muskuløs krop.
6887312	Tom er ikke gammel.
6887822	Jeg er medlem af tennisklubben.
6889259	Jeg må igen starte fra nul.
6889300	Tom arbejder hele tiden.
6890948	Vi skal krydse gaden.
6900530	Han gav ham bogen.
6900901	Der er tre mænd i mit kvarter der er tømrer.
6910482	Jeg har haft en god sommerferie.
6911775	I engelsk er "blue" og "blew" homonymer.
6915634	Døren lader sig ikke åbne; låsen må være gået i stykker.
6943288	Der går ikke røg af en brand uden at der er ild i den.
6943858	Vi kan ikke gå før vi ved hvor Tom er.
6953607	Toms gravskrift lyder: "Dette er ikke mit sidste hvilested. Det er mit første."
6954195	Kejseren har ikke noget tøj på.
6956065	Det var Toms egen skyld.
6960991	Tom og Mary savner John.
6964485	Jeg kender jer ikke.
6971256	De var så forskellige.
6971400	Jeg vil sørge for at Tom har alt han har brug for.
6974746	Vil du gerne have fodmassage?
6978012	Hvad handler bogen om, og hvem er forfatteren?
6980350	Han var barfodet med nøgen overkrop.
6980355	Han havde bar overkrop og var barfodet.
6980443	Den her deodorant er lavet af aloe.
6981799	Hvert et ord jeg fortæller dig, er den skinbarlige sandhed.
6981812	Sami lytter kun til klassisk musik.
6982074	Slå ørerne ud! Jeg har noget at sige.
6983752	Tom er meget hensynsløs.
6985203	Jeg er fra Tennessee.
6985205	Jeg ved ikke om hun er lykkelig eller ej.
6991619	Mine bøger er tunge.
7003297	Jeg synes du skulle give Tom en chance.
7016500	Jeg spurgte ham om han kendte hende godt.
7020530	Alt dette var meget trist for den stakkels ælling.
7036685	I hjertet af vor galakse befinder der sig et supermassivt sort hul.
7039828	Cirkusset satte sit telt op.
7044871	En påstand er intet bevis.
7062712	Mand med grill søger kvinde med kul.
7062957	Du elsker at danse.
7067441	Wow! Tusindvis af fisk!
7069387	Forskere har sekventeret hvedegenomet.
7081268	Tom kan ikke lide hunde.
7089114	Du er ikke canadisk.
7092188	Publikum var hovedsagelig kvinder og børn.
7098287	Paris er Frankrigs hovedstad.
7099280	Dette er ren poesi.
7138283	Den gamle hølade faldt sammen.
7151537	En lastbil blokerede broen.
7157443	Jeg har altid ønsket at tage til Boston.
7157526	Det blæser stadig voldsomt.
7181213	Sami bor ikke længere her.
7213796	Vores lærer er et røvhul.
7224130	Intet barn ønsker at blive behandlet som en baby.
7263136	Jeg er en lækker steg.
7265824	Hvornår er der åbent i butikscenteret?
7287229	Tom og Mary er fulde.
7303115	Tom pyntede på regnskabet.
7306825	Bussen er her om et par minutter.
7317533	Han løber på rulleskøjter.
7322296	Tom er en meget god tennisspiller.
7339835	Giver du tit dine børn et kram?
7355629	Tom købte en avis.
7368956	"Hvor er din far nu?" "Jeg tror han er i Lyon."
7372147	Hvor parkerer du din lastvogn?
7410631	Layla kunne ikke ride på en kamel.
7416242	Jeg er klar om fem minutter.
7434633	Jeg holder af dig.
7480606	Den forbudte frugt er den mest eftertragtede.
7481975	Hvorfor tager du ikke en pause?
7567890	Jeg tror på julemanden.
7575773	Tom har lavet en interessant opdagelse.
7584900	Tom har en høj IK.
7584915	Hvad slags bil kører Tom i?
7585516	"Kyssede du hende?" "Ja, jeg kyssede hende."
7588222	Tom ved hvorfor Mary ikke kan lide ham.
7588265	Tom kan være skræmmende til tider.
7588321	Tom vil gøre det på mandag.
7588407	Tom er ikke så hårdtarbejdende, som han plejede at være.
7588683	Jupiter er en planet.
7588826	Jeg mødte Maria her i går.
7588998	Tom tegnede en snemand.
7590819	Jeg spiser normalt ikke morgenmad da jeg hellere vil sove så længe som muligt.
7654397	Jeg er ikke sikker på, om jeg forstår, hvad du vil sige.
7673467	Kan du låne mig tredive dollars til en taxi?
7673496	Tom sagde at han skulle ud at handle ind.
7684474	Hvem skrev denne sætning?
7701521	Tom var en nar.
7717559	Jeg har en grim julestriktrøje på.
7718177	Jeg vil ikke glemme det.
7726103	Hun ved ikke at jeg ved det.
7762238	Feminisme betyder meget for mig.
7774176	Skynd dig at stige ind!
7775541	Ingen kan lide dem.
7795210	Det er meget sødt.
7803421	Kærlighed er som månen; når den ikke er i tiltagen, er den i aftagen.
7810158	Jeg hørte Tom synge i køkkenet.
7816409	Tom ønskede at blive hjemme.
7837922	Trafikulykker sker hyppigere, når det regner, end når det ikke gør det.
7839702	Du er spanier, ikke sandt?
7847018	Her er min første sætning på esperanto.
7854249	Da Tom klædte sig af foran Mary, begyndte hun at fnise.
7856491	Algeriet har lært lektien og er fast bestemt på ikke at gentage de samme fejl.
7859600	Algeriet har en øst-vest-motorvej.
7860223	Kilten er ikke en nederdel.
7869476	Fingrene væk fra min computer!
7870730	"Er du hetero- eller homoseksuel?" "Jeg er heteroseksuel."
7873719	Forhandlingerne er i fuld sving.
7873974	Jeg er lige stået af toget og jeg står stadig på perronen.
7892517	Hej, kammerat, har du en mønt?
7892521	Hej, ven, har du en mønt?
7900122	Ved I hvad det betyder?
7900520	Du kommer til at takke mig engang i fremtiden.
7940612	Han bruger næsten aldrig sin telefon.
7983059	Vinden blæste støvet fra balkonen.
7983202	Har du nogensinde set Tom danse?
7985394	Hvorfor stirrer alle på os?
8002612	Tak for din hjælp og de venlige samtaler. Jeg håber vi ses igen næste år.
8003642	Jeg er så træt at jeg næsten ikke kan gå.
8006658	Det er vigtigt at vide, hvad der skal gøres.
8007964	Lad os spise til middag sammen engang.
8014965	Må jeg låne din pen?
8023271	Det kostede en bondegård.
8037492	Vores TV er i uorden.
8047693	Tom ønsker at tage til Japan.
8060613	Mary googlede sig selv.
8060628	Tom bruger Google Maps.
8063836	Jeg googlede jer, før I kom her.
8072591	Jeg ringede til min gode ven Tom.
8076268	Tom er sikkert sulten.
8108964	Vintersvømning er ikke farligt for raske mennesker.
8109460	Jeg kan godt lide pommes frites.
8111102	Hun viede sit liv til skolegerningen.
8117303	Pistolen var registreret i Toms navn.
8117318	Min far har fem brødre.
8121013	Sami er så led.
8121033	Tom er en ret led fyr.
8124092	Han frygtede at skulle tilbringe julen på hospitalet.
8126987	Jeg har ikke bedt om din hjælp.
8136351	Min yndlingskanal på YouTube er Deutsche Welle.
8137419	Jeg ved hvor Tom tager hen bagefter.
8138144	Politiet anholdte fire mænd.
8141562	Jeg kan godt lide kulde.
8157360	Tom er et fæhoved.
8171157	Jeg købte en paraply.
8185031	Har du taget et håndklæde med?
8196434	Har I skrevet til dem?
8211814	I Kabylien taler vi kabylsk.
8223179	Al Gore er klimaaktivist.
8250889	Det har regnet i tre dage.
8255636	Sami har fanget en edderkop.
8264872	Kan du sige noget på berbisk?
8266175	Har hun tilgivet dem?
8266301	Har I tilgivet os?
8268206	Kan jeg få en liter mælk?
8291604	Lad os tage elevatoren.
8294783	Donald Trumps frisure er lige så hårrejsende som hans personlighed.
8297995	Matematik er bare en delmængde af typeteori.
8309928	Logic kan via Curry–Howard korrespondansen repræsenteres i typeteori.
8317202	Manden døde ved en færdselsulykke.
8318759	Vi ville være i fare, hvis ozonlaget ikke eksisterede.
8327965	Det her smager som brød, men det er det ikke.
8500982	God morgen alle sammen!
8501368	Min far er gået ud for at købe et postkort.
8513314	Både Tom og Mary er studerende.
8530267	Tom fotograferede ikke meget på udflugten.
8555054	Du går med din skjorte med vrangen ud.
8561190	Forsøger Frankrig at forhindre Algeriets udvikling?
8577987	Tom er allerede begyndt at gå ud med en anden.
8588918	Folk ler ad dig bag din ryg.
8595387	Jeg lærer i øjeblikket to fremmedsprog.
8597880	Afslut arbejdet med det samme.
8603972	Jeg behøver ikke besvare dit spørgsmål.
8606738	Jeg vil være pilot når jeg bliver stor.
8609653	Vi har en ged.
8609658	Vi har en giraf.
8613066	Hvor kan jeg købe pizza her?
8616599	Jeg har et landsted.
8626157	Ryd op i køkkenet.
8638683	Vejret på denne tid af året er smukt.
8639070	I oktober bliver jeg tretten.
8650421	Hele verden er gået fra forstanden.
8650457	Hele verden er blevet vanvittig.
8658140	Mary er en rig pige.
8673953	Hverken lærere eller studerende skal holde op med at lære.
8674010	Gør det bedste, du kan.
8692284	Tom sidder og læser i Bibelen.
8692512	Det er formentlig en virus.
8704163	Hans nye film er skuffende.
8724761	Historien viste sig at være sand.
8734416	Hold op med det!
8752259	Han har nået sit mål.
8764905	Jeg har så travlt at jeg ikke kan hjælpe dig.
8786071	"Har De stadig brug for mig?" "Ikke lige nu, tak!"
8794382	Tom blev udsat for røveri.
8798572	Jeg ønsker at sælge mit hus.
8808892	I den sidste tid har det regnet konstant.
8808909	Du er nødt til at komme i morgen.
8811459	Spiser du masser af brød?
8819793	Han sparkede mig med vilje.
8821823	Hvorfor går han altid i kirke om søndagen?
8825808	Dette trafiklys fungerer ikke.
8828499	Jeg var tværtimod overrasket over hendes ærlighed.
8863268	Jeg har glemt mit penalhus derhjemme.
8863274	I mit penalhus har jeg et viskelæder.
8865016	Vi har set nok.
8865082	Der er blåregn langs havestien.
8865164	Jeg har fået Thomas' besked.
8925396	Jeg bor i Paris nu.
8930905	Hvorfor kommer bussen ikke?
8940452	Jeg havde en fætter, der boede i Boston.
8955241	Store drenge græder ikke.
8958005	Tom er ikke adopteret.
8968739	Vi tilbragte ferien ved havet.
8994171	Tom er ikke en dårlig bilist.
8994595	Vi er trætte og sultne.
8999283	Hr. Smith drikker kaffe.
9044299	Tom og hans bror er meget forskellige.
9304265	Man skal være i stand til at tabe med værdighed.
9353102	Jeg er ved at miste tålmodigheden.
9451395	Hr. Smed boede i Kyoto for tre år siden.
9481497	Jeg kender min niece.
9481503	Alle finner kan lide deres sprog.
9492284	I vores familie får vi sædvanligvis kalkun til jul.
9513816	Du sagde du ikke røg.
9541295	Hun sympatiserede med det forældreløse barn og gav ham nogle penge.
9624885	Elizabeth er blevet udsat for tåregas.
9670954	Mary har strikket en halsedise.
9674580	Kabylsk er mit modersmål.
9682574	Syntes I om Boston?
9709859	De blev taget på fersk gerning.
9721894	Har du googlet det?
9727104	Hvad ved du om Australien?
9738387	Min mosters søn er min fætter.
9739331	Mælk holder ikke længe på en varm dag.
9739412	Jeg tog hen til stationen for at sige farvel til min veninde.
9765605	Jeg håber at det holder op med at regne.
9769065	De tog til Kabylien uden mig.
9771093	Yanni dræbte sine egne børn.
9775432	Forældrene var meget lykkelige.
9775482	Er du ved at vaske bilen?
9776422	I har reddet vores liv.
9790018	Alkohol er forbudt i mange muslimske lande.
9794070	Yanni var usikker på benene.
9842993	Hun lærer også kinesisk.
9853861	"Hvad laver I?" "Ikke noget."
9916176	Tom var tidligere kaptajn på en slæbebåd.
9942163	Jeg skal ikke se tv i aften.
10033877	Tom svarede at han ikke vidste det.
10055977	Det er som at få en spand koldt vand i hovedet.
10057742	Heste er stærkere end hjorte.
10075011	Tom fik et føl på tværs.
10108702	Mine forældre har lige haft sølvbryllup.
10111766	Jeg drak en kop kaffe for at holde mig vågen.
10156694	Hverken Tom eller Mary har forladt bygningen.
10166207	Mary har født en dreng.
10171776	Han er bange for mig.
10172878	Har du set mine nøgler? Jeg troede, jeg havde lagt dem på spisebordet.
10177069	Sig til Tom at vi er på vej.
10185288	Han har ikke set dig.
10188552	De har ringet til mig.
10199122	Hvorfor protesterer I mod regeringen?
10199136	Jeg og Tom er ikke venner.
10216112	Også jeg rider på heste.
10226952	Jeg brændte min hånd på strygejernet.
10228511	Der var let finregn.
10231192	Det kunne være hvem som helst af os.
10244132	Giv mig din stavlygte.
10248304	Du behøver ikke fortælle mig din mening. Den kender jeg.
10254097	Hun havde en croptop på for at flashe sin navlepiercing.
10256488	Hvordan kan det være tilladt?
10257307	Jeg studerer i Indien.
10260713	En indtrænger har dræbt Tom.
10287766	Jeg har en storebror på din alder.
10306054	De har genoprettet min tro på menneskeheden.
10321167	Du fik mig til at le.
10371147	Du har lavet et papirfly.
10388927	Mennesker er nogle mærkelige aber.
10460476	Mary hyggede sig med et spil beachvolleyball med sine venner.
10497825	Vi prøvede at hjælpe Tom.
10499233	Han giver sin hund alt hvad den gerne vil have.
10508644	Jeg har aldrig før været så sikker på mine mål.
10521086	Mit navn er Lanlan, og jeg er kineser.
10521128	Din succes er velfortjent.
10531087	Dette er én af de T-shirt, jeg købte i Australien.
10540873	Bordet står ved siden af køleskabet.
10544139	Yanni finder algeriske piger attraktive.
10544145	Yanni synes at algeriske piger er attraktive.
10555952	Det står lige på vippen.
10558062	Algeriet finansierer islamister og terrorisme.
10569744	Jeg har færre end dig.
10578620	"Hvor tager Tom hen?" "Til München."
10603276	Vi er ikke bange.
10603288	Han er ikke bange.
10603512	Den unge mand havde en stor appetit.
10610982	»Heste« er flertal af »hest«.
10613223	Der var omkring tyve meningsfæller til stede.
10616303	Tom bor i et kæmpestort hus.
10618390	Jeg bryder mig ikke om de fattige; de tænker hele tiden kun på penge.
10624406	Sami har kastet alle sine venner under bussen.
10624440	Mine forældre tror at jeg er hjemme.
10624603	Jeg tog ikke imod det job, fordi jeg afventede et bedre jobtilbud.
10625675	Hun faldt død ned af stolen.
10628318	Er der tid til at tage et billede?
10637095	Det har intet med dig at gøre.
10649092	Jeg vil gerne købe et par solbriller.
10649495	Tom forsøger at redde sit eget skind.
10649517	De besluttede sig for at rejse tilbage i tiden for at redde Tom.
10658674	Tom har ikke råd til en sådan computer.
10660696	Min bedstemor har ikke internetadgang.
10662396	De søgte tilflugt under et egetræ.
10664389	Stolens højde kan indstilles.
10665350	Har I den her i en anden farve?
10667943	Tom brød sig ikke om læreren.
10667960	Når man bager en kage, er det vigtigt at holde sig til opskriften.
10667980	Han har kort hår.
10671314	Jeg hjalp mor med at rydde af bordet.
10682603	I denne skov bor der nisser og trolde.
10697057	Jeg kommer tilbage til dig snarest.
10697979	Det er min bedstefar.
10697995	Har du nogen allergier?
10698266	Du er i sikkerhed.
10699128	Det er kun et år siden, jeg blev gift.
10702445	Bor Tom i Boston?
10702969	Togene var så fulde at vi ikke kunne stige på.
10703011	Vi vil til Polen, Ungarn, Moldavien, Slovakiet, Rumænien eller Tjekkiet.
10713495	Din søn er en helt.
10715724	Min faster er gammeldags: hun skriver stadig på maskine.
10716407	Katten kom hjem med en levende mus. Jeg tog ud i skoven med den.
10717163	Mine sko er brune.
10717165	Vi har brug for dem.
10717172	Kom så, det er nemt.
10717350	Kunne vi snakke over en kop kaffe?
10717388	For nylig har Tom tabt sig ret meget.
10718810	Ziri gik i gang med at lave mad.
10718868	Jeg ved, hvad du er ude på.
10720191	Min bedstemor har mistet hukommelsen.
10720582	Så svært er det ikke.
10725173	Jeg skal have vasket min bil.
10726183	Tom og Mary siger, de vil hjælpe dig med at finde John.
10727605	Borgmesterens datter er blevet kidnappet.
10728726	Du brød ud i gråd.
10728727	I brød ud i gråd.
10728957	Jeg kom i tanke om dig med det samme.
10730506	Jeg er jaloux på ham.
10732498	Yanni var uenig med Skura.
10735647	Tom, Mary, John og Alice er alle sammen uskyldige børn.
10744650	Der er ikke mange møbler i mit værelse.
10746173	Jeg har arbejdet ti år i det samme firma.
10748056	Hvad var det helt præcist I så?
10761322	Jeg skal bruge en highlighter.
10766570	Jeg er bange for ham.
10783349	Tom anede ikke at Mary ikke kunne tale fransk.
10795585	Var det ikke et stjålet køretøj?
10839444	Jeg mistede min mor for to år siden, og nu har jeg en stedmor.
10861774	Tom har en skuffe fuld af breve fra Mary.
10906743	Kvinden, der ringede i går, er ankommet.
10957537	Undskyld mig, må jeg prøve den her?
11076680	Øen ligger fem kilometer ud for kysten.
11182112	Lad os bare glemme det.
11189958	Hvem er den mest berygtede krigsforbryder?
11244411	Drik ikke det vand.
11630340	Jeg vil skrive det på tavlen.
11643452	Mener du virkelig at kvinder lyver mere end mænd?
11672922	Jeg har engang været ligesom dig.
11715591	Flyver I eller kører I i bil?
11736963	Det er vigtigt for ældre at holde sig i god fysisk form.
11765097	I dag er en skøn dag.
11765099	Er prisen inklusiv fragt?
11765174	Jeg vinkede til alle.
11767133	Fæld ikke de her træer.
11789535	Der er ikke noget, vi ikke kan gøre.
11811285	Hvis hun havde penge nok, ville hun ikke have nogen problemer.
11821322	Det er det bedste, vi har spillet hele året.
11829763	"Jeg hedder Erik." "Mit navn er også Erik."
11830865	Slip ikke dine børn af syne.
11837296	Jeg har brug for en tjener til at hjælpe mig med min bestilling.
11841756	Det skal Tom tage sig af.
11902658	Denne lampestander er lavet af drivtømmer.
11906957	Arrogance og storsnudethed fører uvægerlig til ensomhed.
11915334	Piraten affyrede kanonen mod den britiske flåde.
11915921	Jeg er ved at være klar.
11916249	Sky Tom som pesten.
11917523	Det var ikke chikane.
11918250	De her blåbær var for dyre.
11922770	Tom ved at Maria er taget til Australien.
11925155	Tom tilbragte mange år i fængsel.
11936012	Tom blev kropsvisiteret af en politibetjent.
11942030	Jeg har hørt at Tom og Mary er gået fra hinanden.
11984977	Hvorfor er der ingen, der kommer og hjælper mig?
11990469	Jeg har god tid.
11990490	Jeg vil gerne være der i god tid.
11995524	Hvor gammel er du nu, hr.?
12002449	Tom bestiller ikke noget som helst.
12005219	Babyen sov roligt i sin mors arme.
12015651	Tom var den sidste, der ankom.
12032954	Tom, vær dog ærlig for en gangs skyld! Det var jo bare et vissevasse-svar, du gav.
12037739	Bingo er noget, som bedstemødre spiller.
12065438	Tom har en lejlighed.
12065627	Jeg læste denne bog for et par år siden.
12065647	Det kan tage et lille stykke tid.
12065680	Bilisten fik en fartbøde.
12095865	Jeg kan kun snakker dansk.
12104634	Hendes stemme skælvede af raseri.
12105107	I overmorgen er det min fødselsdag.
12120345	Tom og Mary er mennesker.
12120951	Brug denne spand til at øse vand ud af båden.
12126319	Det bliver tidligere og tidligere mørkt.
12130576	En byrde er let, hvis den er på en anden mands skuldre.
12133243	Smid dem over bord.
12144904	Beder du mig om at tage afsted?
12146433	Jeg spiser ikke skinke.
12146808	Musen er gået i fælden.
12154173	Dette medikament smager ad helvede til.
12177386	Har du nogensinde stukket nogen ihjel?
12177722	Vi arbejder begge i Australien.
12186952	Jeg kommer og besøger jer i fængslet.
12190300	Hun har fingeren på pulsen.
12191554	Hvad er det, du laver?
12195971	Jeg vil ikke overdrive.
12203576	Jeg boede fire år i Edirne.
12208254	Guder, man ikke kender, kan man ikke tro på.
12219153	Der er flere piger end drenge i denne klasse.
12227957	Har du lejet en lejlighed?
12231362	De er flygtet fra Ukraine.
12232786	Hvordan kan det være dit problem?
12244899	Godthåb er Grønlands hovedstad.
12247590	Vi er nødt til at blive her.
12248312	Nu er jeg hjemme.
12248622	Det er tirsdag i morgen.
12252064	Min far var den, der gav mig smag for matematik.
12257472	Den teori er fuldstændig vanvittig.
12257788	Han ser ung ud.
12272612	Slukkede du for strygejernet?
12279066	Jeg har ondt af dem.
12281794	Dem, der står her, venter på bussen.
12294752	I dag er Thomas oberst.
12297160	Jeg har kun drukket én øl.
12302587	Hun bankede ham ihjel med en golfkølle.
12303573	Jeg kan ikke forstå, hvad du siger, når du græder.
12307931	Tom er ikke journaliststuderende.
12309222	Jeg har været tømrer i ti år.
12309371	Gav du Tom hans penge tilbage?
12315794	Tom er blevet fejldiagnosticeret.
12342742	Tilhører denne hund nogen?
12344480	Telefonen ringede, men ingen tog den.
12348102	Må vi bruge lommeregner?
12358465	Jeg er ikke længere en grønskolling.
12360455	I køkkenet hos Stefan kommer bunsenbrænderen ofte i brug.
12363529	Langsomt maler gudernes møllesten.
12367176	Tom og Mary bor her.
12372791	De fortalte mig at de godt kunne lide pizza.
12380201	Tekanden er lavet af porcelæn.
12386196	Virussen blev spredt af medierne.
12393258	Er det der mælk?
12405562	Der er ingen grund til at være bange. Han vil ikke gøre dig fortræd.
12411434	Et liv uden dig er meningsløst.
12412091	Har du en hakke?
12413804	Også dit navn står på listen.
12413898	Denne bluse er lavet af bomuld.
12413916	Kald tingene ved deres rette navn.
12415317	I går lavede jeg en fejl.
12421466	Jeg er en kurdisk kvinde fra Erbil.
12425723	Stå tidligt op, ellers kommer du for sent i skole!
12433659	Det her land har masser af templer.
12437709	Tom blev taget i at ryge på flyets toilet.
12451715	Jeg ved at Tom ikke er en dårlig bilist.
12483050	Her så jeg en slange igår.
12551373	Har du aldrig hørt dette ord før?
12604018	Han taler ofte med sig selv.
12608114	Der er ingen med det navn her.
12643451	De sagde at de ville komme tilbage.
12738140	Hvordan siger man »jeg elsker dig« på fransk?
12786700	En runde varer cirka fem minutter.
12817823	Guld er tungere end jern.
12824845	Der gik noget tid inden varerne ankom.
12871943	Somme tider glemmer jeg at du er en pige.
12903982	Tom er bare en skør gammel mand.
12935169	De piger er søstre.
12936597	Peter fik en ny slæde til jul.
12936653	Peter har fået en ny kælk til jul.
12947448	Hver aften sang nattergalen sine sange for os.
12954932	Hun gik til skole, selv om hun havde ondt i foden.
12957621	I frygter for jeres liv.
12997475	Jeg troede ikke at det ville regne i dag.
13000117	Mine arbejdssko er ukomfortable. Jeg får ondt i fodsålerne.
13003862	Hvem er den her lille gavtyv?
13045353	Jeg har altid været en enspænder.
13050025	Vi fik talt med hans søn.
13060959	Giv mig en lille is.
13064500	Den falske konge spiller golf, mens den virkelige konge konsoliderer sin magt.
13079578	En ny dag vil dæmre.
13079725	Vi bruger de samme ord, men taler om forskellige ting.
13091012	Tror Tom på Gud?
13099793	Jødedommen er en monoteistisk religion.
13132005	Præsidenten opfører sig som den famøse elefant i glasbutikken, der smadrer alt omkring sig.
13138821	Europæiske stik virker ikke her.
13142206	Jeg hader denne verden.
13159242	Kan det betale sig at købe guld?
13177584	Jeg bryder mig ikke om mennesker som dig.
13177598	Mange tak for dine venlige ord.
13194466	Er der nogen, der kan hjælpe mig med at løse dette problem?
13206467	Den virksomhed ledes af en udlænding.
13223662	Det er nemt i begyndelsen.
13245795	Tom købte en klase vindruer, og jeg spiste dem.
13275734	I bigården var der mange bistader.
13293830	Forresten, hvordan har din hånd det?
13300158	Tom har mange får.
13501573	Vold fører til endnu mere vold.
13617186	Luk dit vindue op på klem.
13791040	Jeg er i Spanien med mine to døtre.
13802043	Hun tog mine penge.
13837863	Hun gjorde altid sit bedste for at hjælpe mig.
13837896	Kog chokolade i gryden.
14019863	Jeg vil fortælle dem, vi er klar.
